trial_no,generation,evaluations_num,elapsed_secs,mean,stdev,best_fit,
4,0,10000,19,0.086839,0.100120,0.296372,
4,10,20000,40,0.087233,0.100356,0.296372,
4,20,30000,62,0.087650,0.100568,0.296372,
4,30,40000,87,0.088011,0.100806,0.296372,
4,40,50000,110,0.088362,0.101036,0.296420,
4,50,60000,132,0.088696,0.101248,0.296420,
4,60,70000,154,0.089102,0.101469,0.296420,
4,70,80000,180,0.089430,0.101685,0.297233,
4,80,90000,205,0.089738,0.101879,0.297408,
4,90,100000,227,0.090111,0.102115,0.297408,
4,100,110000,246,0.090434,0.102296,0.297408,
4,110,120000,273,0.090756,0.102500,0.297408,
4,120,130000,297,0.091168,0.102724,0.313454,
4,130,140000,315,0.091544,0.102922,0.313454,
4,140,150000,334,0.091797,0.103113,0.313454,
4,150,160000,354,0.092195,0.103321,0.313454,
4,160,170000,375,0.092619,0.103519,0.313454,
4,170,180000,398,0.092887,0.103661,0.313454,
4,180,190000,417,0.093269,0.103851,0.313454,
4,190,200000,436,0.093632,0.104050,0.313454,
4,200,210000,454,0.093922,0.104218,0.313454,
4,210,220000,474,0.094366,0.104422,0.313454,
4,220,230000,496,0.094744,0.104617,0.313454,
4,230,240000,522,0.095127,0.104818,0.313454,
4,240,250000,540,0.095472,0.105013,0.313454,
4,250,260000,560,0.095924,0.105228,0.313454,
4,260,270000,580,0.096305,0.105409,0.313454,
4,270,280000,599,0.096628,0.105557,0.313454,
4,280,290000,620,0.097044,0.105760,0.313454,
4,290,300000,644,0.097363,0.105915,0.313454,
4,300,310000,666,0.097716,0.106076,0.313454,
4,310,320000,694,0.098067,0.106243,0.313454,
4,320,330000,718,0.098372,0.106407,0.313454,
4,330,340000,738,0.098742,0.106570,0.313454,
4,340,350000,764,0.099038,0.106713,0.313454,
4,350,360000,785,0.099364,0.106846,0.313454,
4,360,370000,806,0.099699,0.106997,0.313454,
4,370,380000,830,0.100018,0.107165,0.313454,
4,380,390000,851,0.100264,0.107300,0.313454,
4,390,400000,872,0.100680,0.107493,0.313454,
4,400,410000,893,0.101063,0.107647,0.313454,
4,410,420000,914,0.101395,0.107817,0.313454,
4,420,430000,937,0.101796,0.107968,0.313454,
4,430,440000,961,0.102096,0.108091,0.313454,
4,440,450000,981,0.102385,0.108236,0.313454,
4,450,460000,1002,0.102681,0.108381,0.313454,
4,460,470000,1023,0.102950,0.108536,0.326498,
4,470,480000,1043,0.103267,0.108672,0.326498,
4,480,490000,1065,0.103613,0.108850,0.326498,
4,490,500000,1089,0.103997,0.109008,0.326498,
4,500,510000,1112,0.104262,0.109125,0.326498,
4,510,520000,1137,0.104490,0.109237,0.326498,
4,520,530000,1161,0.104870,0.109390,0.326498,
4,530,540000,1179,0.105212,0.109535,0.326498,
4,540,550000,1202,0.105565,0.109659,0.326498,
4,550,560000,1223,0.105806,0.109807,0.326498,
4,560,570000,1248,0.106009,0.109921,0.326498,
4,570,580000,1266,0.106330,0.110039,0.326498,
4,580,590000,1289,0.106627,0.110168,0.326498,
4,590,600000,1317,0.106883,0.110271,0.326498,
4,600,610000,1338,0.107228,0.110405,0.326498,
4,610,620000,1361,0.107574,0.110529,0.326498,
4,620,630000,1381,0.107879,0.110648,0.326498,
4,630,640000,1400,0.108262,0.110777,0.326498,
4,640,650000,1418,0.108596,0.110875,0.326498,
4,650,660000,1440,0.108881,0.110985,0.326498,
4,660,670000,1460,0.109202,0.111131,0.326498,
4,670,680000,1484,0.109555,0.111277,0.326498,
4,680,690000,1508,0.109887,0.111408,0.326498,
4,690,700000,1531,0.110282,0.111548,0.332626,
4,700,710000,1551,0.110618,0.111673,0.332626,
4,710,720000,1569,0.110996,0.111783,0.332626,
4,720,730000,1588,0.111341,0.111911,0.332626,
4,730,740000,1608,0.111674,0.112003,0.332626,
4,740,750000,1634,0.112020,0.112107,0.332626,
4,750,760000,1653,0.112349,0.112224,0.332626,
4,760,770000,1675,0.112674,0.112356,0.358144,
4,770,780000,1701,0.112933,0.112448,0.358144,
4,780,790000,1723,0.113215,0.112537,0.358144,
4,790,800000,1749,0.113470,0.112629,0.358144,
4,800,810000,1771,0.113663,0.112740,0.358144,
4,810,820000,1797,0.114025,0.112864,0.358144,
4,820,830000,1823,0.114437,0.112971,0.358144,
4,830,840000,1847,0.114745,0.113066,0.358144,
4,840,850000,1866,0.115067,0.113189,0.358144,
4,850,860000,1890,0.115398,0.113283,0.358144,
4,860,870000,1912,0.115695,0.113388,0.358144,
4,870,880000,1930,0.116057,0.113486,0.358144,
4,880,890000,1953,0.116247,0.113548,0.358144,
4,890,900000,1972,0.116444,0.113607,0.358144,
4,900,910000,1993,0.116741,0.113699,0.358144,
4,910,920000,2012,0.117162,0.113786,0.358144,
4,920,930000,2038,0.117574,0.113862,0.358144,
4,930,940000,2061,0.117827,0.113941,0.358144,
4,940,950000,2085,0.118149,0.114036,0.358144,
4,950,960000,2105,0.118481,0.114103,0.358144,
4,960,970000,2127,0.118777,0.114190,0.358144,
4,970,980000,2152,0.118958,0.114269,0.358144,
4,980,990000,2171,0.119281,0.114345,0.358144,
4,990,1000000,2194,0.119654,0.114438,0.358144,
4,1000,1010000,2224,0.119898,0.114520,0.358144,
4,1010,1020000,2245,0.120241,0.114583,0.358144,
4,1020,1030000,2264,0.120571,0.114681,0.358144,
4,1030,1040000,2282,0.120941,0.114743,0.358144,
4,1040,1050000,2300,0.121295,0.114846,0.358144,
4,1050,1060000,2323,0.121628,0.114948,0.358144,
4,1060,1070000,2342,0.121939,0.115043,0.358144,
4,1070,1080000,2362,0.122236,0.115127,0.358144,
4,1080,1090000,2387,0.122491,0.115194,0.358144,
4,1090,1100000,2414,0.122775,0.115262,0.358144,
4,1100,1110000,2433,0.123035,0.115347,0.358144,
4,1110,1120000,2451,0.123352,0.115433,0.358144,
4,1120,1130000,2472,0.123654,0.115506,0.358144,
4,1130,1140000,2495,0.123934,0.115578,0.358144,
4,1140,1150000,2516,0.124306,0.115640,0.358144,
4,1150,1160000,2540,0.124526,0.115700,0.358144,
4,1160,1170000,2563,0.124740,0.115767,0.358144,
4,1170,1180000,2589,0.125039,0.115842,0.358144,
4,1180,1190000,2608,0.125409,0.115890,0.358144,
4,1190,1200000,2626,0.125653,0.115957,0.358144,
4,1200,1210000,2651,0.125998,0.116011,0.358144,
4,1210,1220000,2677,0.126279,0.116086,0.358144,
4,1220,1230000,2702,0.126590,0.116155,0.358144,
4,1230,1240000,2723,0.126934,0.116210,0.358144,
4,1240,1250000,2746,0.127190,0.116260,0.358144,
4,1250,1260000,2766,0.127396,0.116336,0.358144,
4,1260,1270000,2785,0.127637,0.116376,0.358144,
4,1270,1280000,2806,0.127887,0.116443,0.358144,
4,1280,1290000,2830,0.128204,0.116535,0.358144,
4,1290,1300000,2852,0.128487,0.116595,0.358144,
4,1300,1310000,2880,0.128652,0.116653,0.358144,
4,1310,1320000,2898,0.128982,0.116735,0.358144,
4,1320,1330000,2924,0.129313,0.116796,0.358144,
4,1330,1340000,2950,0.129590,0.116881,0.358144,
4,1340,1350000,2977,0.129857,0.116942,0.358144,
4,1350,1360000,3002,0.130197,0.116994,0.358144,
4,1360,1370000,3028,0.130431,0.117043,0.358144,
4,1370,1380000,3049,0.130664,0.117098,0.358144,
4,1380,1390000,3068,0.130981,0.117159,0.358144,
4,1390,1400000,3091,0.131334,0.117200,0.358144,
4,1400,1410000,3109,0.131597,0.117252,0.358144,
4,1410,1420000,3130,0.131897,0.117288,0.358144,
4,1420,1430000,3158,0.132141,0.117325,0.358144,
4,1430,1440000,3182,0.132475,0.117379,0.358144,
4,1440,1450000,3211,0.132719,0.117435,0.358144,
4,1450,1460000,3240,0.133004,0.117479,0.358144,
4,1460,1470000,3257,0.133300,0.117517,0.358144,
4,1470,1480000,3275,0.133658,0.117554,0.358144,
4,1480,1490000,3295,0.133919,0.117607,0.358144,
4,1490,1500000,3322,0.134126,0.117648,0.358144,
4,1500,1510000,3341,0.134396,0.117695,0.358144,
4,1510,1520000,3359,0.134702,0.117712,0.358144,
4,1520,1530000,3377,0.135046,0.117738,0.358144,
4,1530,1540000,3396,0.135407,0.117775,0.358144,
4,1540,1550000,3423,0.135661,0.117801,0.358144,
4,1550,1560000,3447,0.135899,0.117829,0.358144,
4,1560,1570000,3467,0.136163,0.117865,0.358144,
4,1570,1580000,3495,0.136442,0.117927,0.358144,
4,1580,1590000,3517,0.136780,0.117934,0.358144,
4,1590,1600000,3537,0.136950,0.117958,0.358144,
4,1600,1610000,3558,0.137198,0.118005,0.358144,
4,1610,1620000,3576,0.137533,0.118026,0.358144,
4,1620,1630000,3597,0.137836,0.118065,0.358144,
4,1630,1640000,3617,0.138060,0.118101,0.358144,
4,1640,1650000,3637,0.138318,0.118180,0.358144,
4,1650,1660000,3661,0.138633,0.118217,0.358144,
4,1660,1670000,3680,0.138862,0.118255,0.358144,
4,1670,1680000,3701,0.139178,0.118288,0.358144,
4,1680,1690000,3720,0.139469,0.118327,0.358144,
4,1690,1700000,3746,0.139712,0.118398,0.358144,
4,1700,1710000,3773,0.140036,0.118422,0.358144,
4,1710,1720000,3794,0.140282,0.118442,0.358144,
4,1720,1730000,3814,0.140524,0.118471,0.358144,
4,1730,1740000,3840,0.140753,0.118502,0.358144,
4,1740,1750000,3871,0.141001,0.118519,0.358144,
4,1750,1760000,3898,0.141304,0.118561,0.358144,
4,1760,1770000,3918,0.141563,0.118574,0.358144,
4,1770,1780000,3939,0.141840,0.118583,0.358144,
4,1780,1790000,3961,0.142095,0.118634,0.358144,
4,1790,1800000,3983,0.142385,0.118660,0.358144,
4,1800,1810000,4006,0.142729,0.118661,0.358144,
4,1810,1820000,4026,0.142957,0.118691,0.358144,
4,1820,1830000,4044,0.143193,0.118708,0.358144,
4,1830,1840000,4062,0.143582,0.118718,0.358144,
4,1840,1850000,4083,0.143905,0.118725,0.358144,
4,1850,1860000,4104,0.144143,0.118757,0.358144,
4,1860,1870000,4126,0.144415,0.118754,0.358144,
4,1870,1880000,4151,0.144703,0.118792,0.358144,
4,1880,1890000,4170,0.144882,0.118833,0.358144,
4,1890,1900000,4193,0.145223,0.118818,0.358144,
4,1900,1910000,4217,0.145521,0.118840,0.358144,
4,1910,1920000,4241,0.145801,0.118862,0.358144,
4,1920,1930000,4259,0.146030,0.118863,0.358144,
4,1930,1940000,4278,0.146248,0.118889,0.358144,
4,1940,1950000,4297,0.146464,0.118909,0.358144,
4,1950,1960000,4324,0.146739,0.118929,0.358144,
4,1960,1970000,4346,0.146992,0.118939,0.358144,
4,1970,1980000,4368,0.147193,0.118942,0.358144,
4,1980,1990000,4389,0.147521,0.118948,0.358144,
4,1990,2000000,4407,0.147742,0.118954,0.358144,
4,2000,2010000,4429,0.147900,0.118981,0.358144,
4,2010,2020000,4449,0.148155,0.118999,0.358144,
4,2020,2030000,4471,0.148442,0.119016,0.358144,
4,2030,2040000,4496,0.148542,0.119062,0.358144,
4,2040,2050000,4521,0.148694,0.119091,0.358144,
4,2050,2060000,4549,0.148981,0.119102,0.358144,
4,2060,2070000,4572,0.149205,0.119131,0.358144,
4,2070,2080000,4593,0.149495,0.119143,0.358144,
4,2080,2090000,4611,0.149803,0.119160,0.369237,
4,2090,2100000,4632,0.150171,0.119153,0.369237,
4,2100,2110000,4656,0.150377,0.119170,0.369237,
4,2110,2120000,4681,0.150656,0.119177,0.369237,
4,2120,2130000,4700,0.150886,0.119223,0.369237,
4,2130,2140000,4724,0.151090,0.119241,0.369237,
4,2140,2150000,4752,0.151435,0.119246,0.369237,
4,2150,2160000,4775,0.151648,0.119257,0.369237,
4,2160,2170000,4795,0.151862,0.119279,0.369237,
4,2170,2180000,4815,0.152056,0.119288,0.369237,
4,2180,2190000,4834,0.152249,0.119296,0.369237,
4,2190,2200000,4858,0.152590,0.119272,0.369237,
4,2200,2210000,4878,0.152908,0.119255,0.369237,
4,2210,2220000,4898,0.153151,0.119249,0.369237,
4,2220,2230000,4918,0.153382,0.119254,0.369237,
4,2230,2240000,4937,0.153703,0.119232,0.369237,
4,2240,2250000,4958,0.153879,0.119285,0.369237,
4,2250,2260000,4983,0.154125,0.119284,0.369237,
4,2260,2270000,5002,0.154446,0.119265,0.369237,
4,2270,2280000,5029,0.154650,0.119279,0.369237,
4,2280,2290000,5052,0.154927,0.119285,0.369237,
4,2290,2300000,5077,0.155102,0.119311,0.369237,
4,2300,2310000,5101,0.155323,0.119327,0.369237,
4,2310,2320000,5127,0.155634,0.119327,0.369237,
4,2320,2330000,5152,0.155873,0.119310,0.369237,
4,2330,2340000,5173,0.156034,0.119320,0.369237,
4,2340,2350000,5192,0.156245,0.119345,0.369237,
4,2350,2360000,5221,0.156484,0.119345,0.369237,
4,2360,2370000,5242,0.156764,0.119332,0.369237,
4,2370,2380000,5264,0.157058,0.119331,0.369237,
4,2380,2390000,5286,0.157254,0.119355,0.369237,
4,2390,2400000,5305,0.157594,0.119326,0.369237,
4,2400,2410000,5325,0.157824,0.119332,0.369237,
4,2410,2420000,5344,0.158010,0.119332,0.369237,
4,2420,2430000,5368,0.158303,0.119325,0.369237,
4,2430,2440000,5389,0.158445,0.119356,0.369237,
4,2440,2450000,5408,0.158692,0.119355,0.369237,
4,2450,2460000,5427,0.158903,0.119361,0.369237,
4,2460,2470000,5451,0.159004,0.119380,0.369237,
4,2470,2480000,5477,0.159146,0.119392,0.369237,
4,2480,2490000,5495,0.159480,0.119347,0.369237,
4,2490,2500000,5526,0.159717,0.119341,0.369237,
4,2500,2510000,5550,0.159914,0.119344,0.369237,
4,2510,2520000,5575,0.160065,0.119365,0.369237,
4,2520,2530000,5594,0.160320,0.119356,0.369237,
4,2530,2540000,5615,0.160647,0.119312,0.369237,
4,2540,2550000,5639,0.160957,0.119270,0.369237,
4,2550,2560000,5657,0.161215,0.119272,0.369237,
4,2560,2570000,5678,0.161496,0.119244,0.369237,
4,2570,2580000,5696,0.161800,0.119205,0.369237,
4,2580,2590000,5716,0.161934,0.119211,0.369237,
4,2590,2600000,5743,0.162139,0.119213,0.369237,
4,2600,2610000,5769,0.162362,0.119220,0.369237,
4,2610,2620000,5793,0.162585,0.119203,0.369237,
4,2620,2630000,5819,0.162741,0.119221,0.369237,
4,2630,2640000,5844,0.162915,0.119240,0.369237,
4,2640,2650000,5862,0.163092,0.119241,0.369237,
4,2650,2660000,5881,0.163348,0.119218,0.369237,
4,2660,2670000,5913,0.163563,0.119236,0.369237,
4,2670,2680000,5931,0.163815,0.119203,0.369237,
4,2680,2690000,5950,0.163973,0.119216,0.369237,
4,2690,2700000,5977,0.164189,0.119216,0.369237,
4,2700,2710000,6002,0.164336,0.119215,0.369237,
4,2710,2720000,6021,0.164623,0.119192,0.369237,
4,2720,2730000,6044,0.164829,0.119175,0.369237,
4,2730,2740000,6064,0.165134,0.119122,0.369237,
4,2740,2750000,6084,0.165331,0.119097,0.369237,
4,2750,2760000,6107,0.165560,0.119083,0.369237,
4,2760,2770000,6128,0.165828,0.119066,0.369237,
4,2770,2780000,6156,0.166030,0.119049,0.369237,
4,2780,2790000,6180,0.166379,0.118995,0.369237,
4,2790,2800000,6199,0.166515,0.119010,0.369237,
4,2800,2810000,6225,0.166732,0.118977,0.369237,
4,2810,2820000,6244,0.166917,0.118962,0.369237,
4,2820,2830000,6262,0.167245,0.118936,0.369237,
4,2830,2840000,6289,0.167365,0.118944,0.369237,
4,2840,2850000,6311,0.167532,0.118973,0.369237,
4,2850,2860000,6331,0.167754,0.118954,0.369237,
4,2860,2870000,6351,0.167949,0.118931,0.369237,
4,2870,2880000,6376,0.168190,0.118899,0.369237,
4,2880,2890000,6398,0.168433,0.118874,0.369237,
4,2890,2900000,6421,0.168626,0.118867,0.369237,
4,2900,2910000,6444,0.168764,0.118862,0.369237,
4,2910,2920000,6462,0.169006,0.118829,0.369237,
4,2920,2930000,6489,0.169173,0.118807,0.369237,
4,2930,2940000,6515,0.169368,0.118786,0.369237,
4,2940,2950000,6534,0.169578,0.118790,0.369237,
4,2950,2960000,6556,0.169832,0.118737,0.369237,
4,2960,2970000,6585,0.170066,0.118705,0.369237,
4,2970,2980000,6603,0.170315,0.118660,0.369237,
4,2980,2990000,6622,0.170513,0.118642,0.369237,
4,2990,3000000,6646,0.170786,0.118591,0.369237,
4,3000,3010000,6667,0.170986,0.118574,0.369237,
4,3010,3020000,6696,0.171143,0.118579,0.369237,
4,3020,3030000,6718,0.171398,0.118523,0.369237,
4,3030,3040000,6739,0.171680,0.118484,0.369237,
4,3040,3050000,6758,0.171919,0.118455,0.369237,
4,3050,3060000,6779,0.172124,0.118423,0.369237,
4,3060,3070000,6804,0.172371,0.118398,0.369237,
4,3070,3080000,6823,0.172607,0.118396,0.369237,
4,3080,3090000,6844,0.172845,0.118368,0.369237,
4,3090,3100000,6870,0.173106,0.118328,0.369237,
4,3100,3110000,6898,0.173304,0.118309,0.369237,
4,3110,3120000,6919,0.173505,0.118323,0.369237,
4,3120,3130000,6940,0.173653,0.118299,0.369237,
4,3130,3140000,6962,0.173860,0.118282,0.369237,
4,3140,3150000,6985,0.174053,0.118265,0.369237,
4,3150,3160000,7011,0.174301,0.118219,0.369237,
4,3160,3170000,7033,0.174503,0.118195,0.369237,
4,3170,3180000,7057,0.174686,0.118190,0.369237,
4,3180,3190000,7082,0.174895,0.118171,0.369237,
4,3190,3200000,7106,0.175069,0.118169,0.369237,
4,3200,3210000,7126,0.175287,0.118143,0.369237,
4,3210,3220000,7146,0.175505,0.118113,0.369237,
4,3220,3230000,7169,0.175677,0.118111,0.369237,
4,3230,3240000,7188,0.176005,0.118035,0.369237,
4,3240,3250000,7209,0.176246,0.117991,0.369237,
4,3250,3260000,7231,0.176433,0.117964,0.369237,
4,3260,3270000,7254,0.176614,0.117937,0.369237,
4,3270,3280000,7278,0.176827,0.117921,0.388773,
4,3280,3290000,7300,0.177074,0.117880,0.388773,
4,3290,3300000,7320,0.177300,0.117842,0.388773,
4,3300,3310000,7341,0.177505,0.117820,0.388773,
4,3310,3320000,7367,0.177666,0.117809,0.388773,
4,3320,3330000,7393,0.177899,0.117760,0.388773,
4,3330,3340000,7420,0.178039,0.117760,0.388773,
4,3340,3350000,7445,0.178325,0.117714,0.388773,
4,3350,3360000,7464,0.178521,0.117707,0.388773,
4,3360,3370000,7485,0.178750,0.117657,0.388773,
4,3370,3380000,7507,0.178937,0.117635,0.388773,
4,3380,3390000,7528,0.179116,0.117621,0.388773,
4,3390,3400000,7550,0.179390,0.117546,0.388773,
4,3400,3410000,7569,0.179709,0.117466,0.388773,
4,3410,3420000,7588,0.180036,0.117373,0.388773,
4,3420,3430000,7608,0.180230,0.117343,0.388773,
4,3430,3440000,7630,0.180373,0.117336,0.388773,
4,3440,3450000,7654,0.180560,0.117307,0.388773,
4,3450,3460000,7676,0.180699,0.117286,0.388773,
4,3460,3470000,7698,0.181015,0.117204,0.388773,
4,3470,3480000,7718,0.181227,0.117155,0.388773,
4,3480,3490000,7740,0.181484,0.117093,0.388773,
4,3490,3500000,7768,0.181701,0.117041,0.388773,
4,3500,3510000,7787,0.181948,0.116994,0.388773,
4,3510,3520000,7808,0.182266,0.116909,0.388773,
4,3520,3530000,7826,0.182490,0.116869,0.388773,
4,3530,3540000,7850,0.182601,0.116876,0.388773,
4,3540,3550000,7869,0.182807,0.116825,0.388773,
4,3550,3560000,7890,0.182936,0.116816,0.388773,
4,3560,3570000,7913,0.183118,0.116773,0.388773,
4,3570,3580000,7930,0.183440,0.116662,0.388773,
4,3580,3590000,7954,0.183594,0.116642,0.388773,
4,3590,3600000,7975,0.183801,0.116596,0.388773,
4,3600,3610000,8000,0.183945,0.116579,0.388773,
4,3610,3620000,8022,0.184108,0.116561,0.388773,
4,3620,3630000,8041,0.184307,0.116517,0.388773,
4,3630,3640000,8064,0.184581,0.116441,0.388773,
4,3640,3650000,8086,0.184806,0.116389,0.388773,
4,3650,3660000,8112,0.185002,0.116339,0.388773,
4,3660,3670000,8137,0.185186,0.116303,0.388773,
4,3670,3680000,8158,0.185443,0.116231,0.388773,
4,3680,3690000,8185,0.185706,0.116157,0.388773,
4,3690,3700000,8210,0.185989,0.116073,0.388773,
4,3700,3710000,8235,0.186243,0.115997,0.388773,
4,3710,3720000,8255,0.186506,0.115917,0.388773,
4,3720,3730000,8275,0.186672,0.115904,0.388773,
4,3730,3740000,8300,0.186817,0.115872,0.388773,
4,3740,3750000,8324,0.187066,0.115804,0.388773,
4,3750,3760000,8343,0.187258,0.115752,0.388773,
4,3760,3770000,8363,0.187383,0.115747,0.388773,
4,3770,3780000,8383,0.187630,0.115663,0.388773,
4,3780,3790000,8409,0.187826,0.115604,0.388773,
4,3790,3800000,8430,0.188068,0.115532,0.388773,
4,3800,3810000,8450,0.188158,0.115527,0.388773,
4,3810,3820000,8470,0.188397,0.115452,0.388773,
4,3820,3830000,8492,0.188526,0.115443,0.388773,
4,3830,3840000,8513,0.188677,0.115427,0.388773,
4,3840,3850000,8535,0.188886,0.115373,0.388773,
4,3850,3860000,8558,0.189037,0.115357,0.388773,
4,3860,3870000,8582,0.189257,0.115324,0.388773,
4,3870,3880000,8601,0.189531,0.115207,0.388773,
4,3880,3890000,8621,0.189745,0.115166,0.388773,
4,3890,3900000,8641,0.190024,0.115068,0.388773,
4,3900,3910000,8659,0.190237,0.115014,0.388773,
4,3910,3920000,8685,0.190359,0.115009,0.388773,
4,3920,3930000,8707,0.190547,0.114967,0.388773,
4,3930,3940000,8728,0.190741,0.114908,0.388773,
4,3940,3950000,8754,0.190909,0.114894,0.388773,
4,3950,3960000,8778,0.191107,0.114823,0.388773,
4,3960,3970000,8800,0.191271,0.114812,0.388773,
4,3970,3980000,8825,0.191409,0.114784,0.388773,
4,3980,3990000,8848,0.191559,0.114758,0.388773,
4,3990,4000000,8872,0.191808,0.114670,0.388773,
4,4000,4010000,8901,0.192010,0.114617,0.388773,
4,4010,4020000,8923,0.192153,0.114598,0.388773,
4,4020,4030000,8951,0.192326,0.114560,0.388773,
4,4030,4040000,8975,0.192410,0.114555,0.388773,
4,4040,4050000,8996,0.192528,0.114569,0.388773,
4,4050,4060000,9024,0.192726,0.114536,0.388773,
4,4060,4070000,9051,0.192981,0.114470,0.388773,
4,4070,4080000,9075,0.193094,0.114479,0.388773,
4,4080,4090000,9097,0.193340,0.114418,0.404539,
4,4090,4100000,9119,0.193462,0.114408,0.404539,
4,4100,4110000,9141,0.193691,0.114334,0.404539,
4,4110,4120000,9163,0.193924,0.114271,0.404539,
4,4120,4130000,9188,0.194031,0.114271,0.404539,
4,4130,4140000,9210,0.194120,0.114262,0.404539,
4,4140,4150000,9233,0.194218,0.114271,0.404539,
4,4150,4160000,9262,0.194380,0.114236,0.404539,
4,4160,4170000,9291,0.194521,0.114204,0.404539,
4,4170,4180000,9314,0.194666,0.114176,0.404539,
4,4180,4190000,9339,0.194798,0.114161,0.404539,
4,4190,4200000,9360,0.194977,0.114105,0.404539,
4,4200,4210000,9379,0.195132,0.114049,0.404539,
4,4210,4220000,9400,0.195366,0.113964,0.404539,
4,4220,4230000,9422,0.195563,0.113909,0.404539,
4,4230,4240000,9447,0.195718,0.113881,0.404539,
4,4240,4250000,9467,0.195894,0.113839,0.404539,
4,4250,4260000,9493,0.196054,0.113801,0.404539,
4,4260,4270000,9518,0.196230,0.113765,0.404539,
4,4270,4280000,9541,0.196337,0.113755,0.404539,
4,4280,4290000,9561,0.196584,0.113649,0.404539,
4,4290,4300000,9586,0.196824,0.113581,0.404539,
4,4300,4310000,9615,0.197040,0.113522,0.404539,
4,4310,4320000,9634,0.197206,0.113495,0.404539,
4,4320,4330000,9659,0.197280,0.113508,0.404539,
4,4330,4340000,9681,0.197475,0.113478,0.404539,
4,4340,4350000,9705,0.197656,0.113400,0.404539,
4,4350,4360000,9724,0.197927,0.113269,0.404539,
4,4360,4370000,9749,0.198017,0.113260,0.404539,
4,4370,4380000,9774,0.198161,0.113229,0.404539,
4,4380,4390000,9800,0.198376,0.113185,0.404539,
4,4390,4400000,9822,0.198671,0.113058,0.404539,
4,4400,4410000,9844,0.198819,0.112992,0.404539,
4,4410,4420000,9867,0.198945,0.112959,0.404539,
4,4420,4430000,9891,0.199164,0.112885,0.404539,
4,4430,4440000,9918,0.199237,0.112901,0.404539,
4,4440,4450000,9941,0.199417,0.112842,0.404539,
4,4450,4460000,9963,0.199675,0.112736,0.404539,
4,4460,4470000,9988,0.199770,0.112746,0.404539,
4,4470,4480000,10011,0.199901,0.112715,0.404539,
4,4480,4490000,10034,0.200031,0.112687,0.404539,
4,4490,4500000,10057,0.200194,0.112622,0.404539,
4,4500,4510000,10081,0.200361,0.112576,0.404539,
4,4510,4520000,10103,0.200499,0.112541,0.404539,
4,4520,4530000,10126,0.200683,0.112483,0.404539,
4,4530,4540000,10149,0.200917,0.112366,0.404539,
4,4540,4550000,10174,0.201113,0.112281,0.404539,
4,4550,4560000,10202,0.201227,0.112289,0.404539,
4,4560,4570000,10224,0.201402,0.112231,0.404539,
4,4570,4580000,10249,0.201526,0.112195,0.404539,
4,4580,4590000,10273,0.201784,0.112081,0.404539,
4,4590,4600000,10296,0.201964,0.112007,0.404539,
4,4600,4610000,10319,0.202083,0.111979,0.404539,
4,4610,4620000,10343,0.202289,0.111898,0.404539,
4,4620,4630000,10364,0.202423,0.111850,0.404539,
4,4630,4640000,10389,0.202630,0.111777,0.404539,
4,4640,4650000,10410,0.202742,0.111768,0.404539,
4,4650,4660000,10435,0.202934,0.111694,0.404539,
4,4660,4670000,10455,0.203053,0.111696,0.430691,
4,4670,4680000,10481,0.203153,0.111681,0.430691,
4,4680,4690000,10506,0.203351,0.111603,0.430691,
4,4690,4700000,10525,0.203483,0.111549,0.430691,
4,4700,4710000,10546,0.203709,0.111424,0.430691,
4,4710,4720000,10568,0.203912,0.111364,0.430691,
4,4720,4730000,10591,0.204026,0.111332,0.430691,
4,4730,4740000,10613,0.204184,0.111284,0.430691,
4,4740,4750000,10635,0.204352,0.111218,0.430691,
4,4750,4760000,10657,0.204576,0.111148,0.430691,
4,4760,4770000,10678,0.204719,0.111096,0.430691,
4,4770,4780000,10699,0.204871,0.111049,0.430691,
4,4780,4790000,10720,0.205001,0.111031,0.430691,
4,4790,4800000,10742,0.205224,0.110931,0.430691,
4,4800,4810000,10764,0.205341,0.110894,0.430691,
4,4810,4820000,10789,0.205426,0.110890,0.430691,
4,4820,4830000,10814,0.205550,0.110859,0.430691,
4,4830,4840000,10837,0.205777,0.110773,0.430691,
4,4840,4850000,10861,0.205904,0.110734,0.430691,
4,4850,4860000,10883,0.206082,0.110655,0.430691,
4,4860,4870000,10905,0.206216,0.110610,0.430691,
4,4870,4880000,10929,0.206366,0.110563,0.430691,
4,4880,4890000,10953,0.206483,0.110520,0.430691,
4,4890,4900000,10977,0.206563,0.110500,0.430691,
4,4900,4910000,11003,0.206732,0.110462,0.430691,
4,4910,4920000,11026,0.206956,0.110372,0.430691,
4,4920,4930000,11049,0.207124,0.110318,0.430691,
4,4930,4940000,11071,0.207194,0.110315,0.430691,
4,4940,4950000,11093,0.207336,0.110260,0.430691,
4,4950,4960000,11114,0.207530,0.110176,0.430691,
4,4960,4970000,11139,0.207778,0.110060,0.430691,
4,4970,4980000,11160,0.207988,0.109957,0.430691,
4,4980,4990000,11183,0.208081,0.109940,0.430691,
4,4990,5000000,11203,0.208306,0.109825,0.430691,
4,5000,5010000,11226,0.208425,0.109804,0.430691,
4,5010,5020000,11248,0.208625,0.109706,0.430691,
4,5020,5030000,11270,0.208839,0.109627,0.430691,
4,5030,5040000,11293,0.209021,0.109543,0.430691,
4,5040,5050000,11316,0.209160,0.109500,0.430691,
4,5050,5060000,11337,0.209289,0.109439,0.430691,
4,5060,5070000,11360,0.209393,0.109429,0.430691,
4,5070,5080000,11386,0.209525,0.109387,0.430691,
4,5080,5090000,11408,0.209652,0.109367,0.430691,
4,5090,5100000,11432,0.209838,0.109272,0.430691,
4,5100,5110000,11457,0.209921,0.109254,0.430691,
4,5110,5120000,11481,0.210085,0.109194,0.430691,
4,5120,5130000,11505,0.210174,0.109160,0.430691,
4,5130,5140000,11527,0.210352,0.109086,0.430691,
4,5140,5150000,11548,0.210503,0.109052,0.430691,
4,5150,5160000,11570,0.210665,0.108975,0.430691,
4,5160,5170000,11590,0.210802,0.108929,0.430691,
4,5170,5180000,11612,0.211001,0.108835,0.430691,
4,5180,5190000,11639,0.211127,0.108806,0.430691,
4,5190,5200000,11659,0.211308,0.108728,0.430691,
4,5200,5210000,11680,0.211410,0.108712,0.430691,
4,5210,5220000,11703,0.211548,0.108674,0.430691,
4,5220,5230000,11724,0.211656,0.108651,0.430691,
4,5230,5240000,11752,0.211811,0.108583,0.430691,
4,5240,5250000,11776,0.211916,0.108555,0.430691,
4,5250,5260000,11800,0.212062,0.108505,0.430691,
4,5260,5270000,11822,0.212254,0.108406,0.430691,
4,5270,5280000,11842,0.212321,0.108400,0.430691,
4,5280,5290000,11863,0.212444,0.108355,0.430691,
4,5290,5300000,11883,0.212579,0.108298,0.430691,
4,5300,5310000,11905,0.212720,0.108237,0.430691,
4,5310,5320000,11928,0.212822,0.108210,0.430691,
4,5320,5330000,11949,0.213008,0.108125,0.430691,
4,5330,5340000,11972,0.213134,0.108076,0.430691,
4,5340,5350000,11994,0.213278,0.108023,0.430691,
4,5350,5360000,12014,0.213391,0.107985,0.430691,
4,5360,5370000,12034,0.213562,0.107920,0.430691,
4,5370,5380000,12055,0.213731,0.107850,0.430691,
4,5380,5390000,12075,0.213917,0.107764,0.430691,
4,5390,5400000,12098,0.214045,0.107707,0.430691,
4,5400,5410000,12120,0.214137,0.107681,0.430691,
4,5410,5420000,12141,0.214369,0.107548,0.430691,
4,5420,5430000,12164,0.214506,0.107486,0.430691,
4,5430,5440000,12186,0.214646,0.107449,0.430691,
4,5440,5450000,12206,0.214793,0.107396,0.430691,
4,5450,5460000,12228,0.214965,0.107313,0.430691,
4,5460,5470000,12250,0.215049,0.107311,0.430691,
4,5470,5480000,12271,0.215207,0.107225,0.430691,
4,5480,5490000,12296,0.215331,0.107219,0.430691,
4,5490,5500000,12317,0.215435,0.107189,0.430691,
4,5500,5510000,12338,0.215564,0.107127,0.430691,
4,5510,5520000,12361,0.215651,0.107096,0.430691,
4,5520,5530000,12381,0.215888,0.106952,0.430691,
4,5530,5540000,12409,0.216028,0.106934,0.430691,
4,5540,5550000,12433,0.216141,0.106891,0.430691,
4,5550,5560000,12456,0.216298,0.106846,0.430691,
4,5560,5570000,12478,0.216405,0.106802,0.430691,
4,5570,5580000,12498,0.216500,0.106771,0.430691,
4,5580,5590000,12519,0.216573,0.106754,0.430691,
4,5590,5600000,12542,0.216721,0.106689,0.430691,
4,5600,5610000,12565,0.216906,0.106600,0.430691,
4,5610,5620000,12589,0.217064,0.106540,0.430691,
4,5620,5630000,12614,0.217187,0.106538,0.430691,
4,5630,5640000,12638,0.217302,0.106503,0.430691,
4,5640,5650000,12662,0.217519,0.106392,0.430691,
4,5650,5660000,12683,0.217613,0.106353,0.430691,
4,5660,5670000,12709,0.217743,0.106288,0.430691,
4,5670,5680000,12728,0.217811,0.106274,0.430691,
4,5680,5690000,12747,0.217917,0.106235,0.430691,
4,5690,5700000,12766,0.218000,0.106220,0.430691,
4,5700,5710000,12790,0.218156,0.106152,0.430691,
4,5710,5720000,12815,0.218266,0.106107,0.430691,
4,5720,5730000,12835,0.218437,0.106024,0.430691,
4,5730,5740000,12854,0.218566,0.105962,0.430691,
4,5740,5750000,12873,0.218724,0.105887,0.430691,
4,5750,5760000,12892,0.218807,0.105871,0.430691,
4,5760,5770000,12914,0.218944,0.105823,0.430691,
4,5770,5780000,12933,0.219119,0.105736,0.430691,
4,5780,5790000,12952,0.219273,0.105669,0.430691,
4,5790,5800000,12981,0.219405,0.105605,0.430691,
4,5800,5810000,13006,0.219521,0.105557,0.430691,
4,5810,5820000,13025,0.219588,0.105547,0.430691,
4,5820,5830000,13059,0.219615,0.105563,0.430691,
4,5830,5840000,13084,0.219784,0.105475,0.430691,
4,5840,5850000,13103,0.219871,0.105451,0.430691,
4,5850,5860000,13125,0.220022,0.105381,0.430691,
4,5860,5870000,13146,0.220118,0.105371,0.430691,
4,5870,5880000,13165,0.220281,0.105268,0.430691,
4,5880,5890000,13185,0.220416,0.105217,0.430691,
4,5890,5900000,13207,0.220495,0.105214,0.430691,
4,5900,5910000,13227,0.220601,0.105173,0.430691,
4,5910,5920000,13247,0.220759,0.105077,0.430691,
4,5920,5930000,13267,0.220916,0.105032,0.437883,
4,5930,5940000,13286,0.220980,0.105027,0.437883,
4,5940,5950000,13305,0.221048,0.105016,0.437883,
4,5950,5960000,13328,0.221157,0.104965,0.437883,
4,5960,5970000,13348,0.221255,0.104923,0.437883,
4,5970,5980000,13373,0.221381,0.104856,0.437883,
4,5980,5990000,13392,0.221542,0.104815,0.437883,
4,5990,6000000,13410,0.221714,0.104727,0.437883,
4,6000,6010000,13433,0.221941,0.104589,0.437883,
4,6010,6020000,13455,0.222096,0.104502,0.437883,
4,6020,6030000,13474,0.222149,0.104503,0.437883,
4,6030,6040000,13492,0.222205,0.104497,0.437883,
4,6040,6050000,13511,0.222348,0.104441,0.437883,
4,6050,6060000,13532,0.222416,0.104440,0.437883,
4,6060,6070000,13551,0.222512,0.104408,0.437883,
4,6070,6080000,13572,0.222643,0.104334,0.437883,
4,6080,6090000,13603,0.222738,0.104307,0.437883,
4,6090,6100000,13621,0.222835,0.104281,0.437883,
4,6100,6110000,13640,0.222871,0.104292,0.437883,
4,6110,6120000,13665,0.222979,0.104233,0.437883,
4,6120,6130000,13689,0.223089,0.104176,0.437883,
4,6130,6140000,13712,0.223306,0.104023,0.437883,
4,6140,6150000,13736,0.223558,0.103863,0.437883,
4,6150,6160000,13761,0.223713,0.103780,0.437883,
4,6160,6170000,13779,0.223844,0.103701,0.437883,
4,6170,6180000,13799,0.223910,0.103693,0.437883,
4,6180,6190000,13820,0.223997,0.103659,0.437883,
4,6190,6200000,13838,0.224079,0.103639,0.437883,
4,6200,6210000,13864,0.224214,0.103573,0.437883,
4,6210,6220000,13886,0.224325,0.103510,0.437883,
4,6220,6230000,13910,0.224441,0.103456,0.437883,
4,6230,6240000,13930,0.224629,0.103356,0.437883,
4,6240,6250000,13957,0.224740,0.103322,0.437883,
4,6250,6260000,13983,0.224872,0.103264,0.437883,
4,6260,6270000,14013,0.224945,0.103226,0.437883,
4,6270,6280000,14036,0.225092,0.103150,0.437883,
4,6280,6290000,14058,0.225183,0.103119,0.437883,
4,6290,6300000,14077,0.225323,0.103043,0.437883,
4,6300,6310000,14095,0.225485,0.102939,0.437883,
4,6310,6320000,14115,0.225592,0.102914,0.437883,
4,6320,6330000,14139,0.225684,0.102886,0.437883,
4,6330,6340000,14161,0.225810,0.102838,0.437883,
4,6340,6350000,14188,0.225914,0.102821,0.437883,
4,6350,6360000,14217,0.226040,0.102760,0.437883,
4,6360,6370000,14241,0.226211,0.102659,0.437883,
4,6370,6380000,14260,0.226299,0.102624,0.437883,
4,6380,6390000,14279,0.226336,0.102635,0.437883,
4,6390,6400000,14303,0.226445,0.102615,0.437883,
4,6400,6410000,14332,0.226561,0.102556,0.437883,
4,6410,6420000,14356,0.226673,0.102494,0.437883,
4,6420,6430000,14375,0.226757,0.102476,0.437883,
4,6430,6440000,14403,0.226857,0.102445,0.437883,
4,6440,6450000,14432,0.226950,0.102436,0.437883,
4,6450,6460000,14457,0.227077,0.102386,0.437883,
4,6460,6470000,14475,0.227259,0.102285,0.437883,
4,6470,6480000,14494,0.227366,0.102226,0.437883,
4,6480,6490000,14513,0.227547,0.102127,0.437883,
4,6490,6500000,14531,0.227671,0.102059,0.437883,
4,6500,6510000,14560,0.227775,0.102039,0.437883,
4,6510,6520000,14590,0.227860,0.102023,0.437883,
4,6520,6530000,14618,0.227994,0.101951,0.437883,
4,6530,6540000,14640,0.228221,0.101796,0.437883,
4,6540,6550000,14658,0.228376,0.101697,0.437883,
4,6550,6560000,14677,0.228508,0.101632,0.437883,
4,6560,6570000,14696,0.228603,0.101599,0.437883,
4,6570,6580000,14716,0.228737,0.101514,0.437883,
4,6580,6590000,14738,0.228843,0.101475,0.437883,
4,6590,6600000,14756,0.228984,0.101402,0.437883,
4,6600,6610000,14777,0.229087,0.101355,0.437883,
4,6610,6620000,14796,0.229215,0.101277,0.437883,
4,6620,6630000,14818,0.229307,0.101236,0.437883,
4,6630,6640000,14845,0.229475,0.101121,0.437883,
4,6640,6650000,14872,0.229543,0.101129,0.437883,
4,6650,6660000,14901,0.229642,0.101092,0.437883,
4,6660,6670000,14929,0.229921,0.100868,0.437883,
4,6670,6680000,14951,0.230065,0.100798,0.437883,
4,6680,6690000,14974,0.230169,0.100754,0.437883,
4,6690,6700000,14994,0.230294,0.100704,0.437883,
4,6700,6710000,15012,0.230423,0.100613,0.437883,
4,6710,6720000,15030,0.230463,0.100620,0.437883,
4,6720,6730000,15061,0.230627,0.100504,0.437883,
4,6730,6740000,15087,0.230824,0.100410,0.437883,
4,6740,6750000,15109,0.230967,0.100330,0.437883,
4,6750,6760000,15129,0.231144,0.100211,0.437883,
4,6760,6770000,15148,0.231257,0.100174,0.437883,
4,6770,6780000,15175,0.231385,0.100144,0.437977,
4,6780,6790000,15198,0.231437,0.100131,0.437977,
4,6790,6800000,15223,0.231541,0.100078,0.437977,
4,6800,6810000,15244,0.231591,0.100074,0.437977,
4,6810,6820000,15269,0.231651,0.100105,0.437977,
4,6820,6830000,15300,0.231759,0.100056,0.437977,
4,6830,6840000,15322,0.231864,0.099990,0.437977,
4,6840,6850000,15343,0.232002,0.099913,0.437977,
4,6850,6860000,15365,0.232091,0.099873,0.437977,
4,6860,6870000,15385,0.232199,0.099833,0.437977,
4,6870,6880000,15414,0.232431,0.099633,0.437977,
4,6880,6890000,15439,0.232531,0.099576,0.437977,
4,6890,6900000,15468,0.232589,0.099567,0.437977,
4,6900,6910000,15491,0.232706,0.099512,0.437977,
4,6910,6920000,15509,0.232867,0.099402,0.437977,
4,6920,6930000,15530,0.233001,0.099341,0.437977,
4,6930,6940000,15549,0.233118,0.099298,0.437977,
4,6940,6950000,15571,0.233247,0.099221,0.437977,
4,6950,6960000,15604,0.233377,0.099156,0.437977,
4,6960,6970000,15624,0.233523,0.099063,0.437977,
4,6970,6980000,15647,0.233681,0.098959,0.437977,
4,6980,6990000,15670,0.233785,0.098921,0.437977,
4,6990,7000000,15695,0.233845,0.098910,0.437977,
4,7000,7010000,15715,0.233948,0.098840,0.437977,
4,7010,7020000,15736,0.234126,0.098701,0.437977,
4,7020,7030000,15762,0.234247,0.098627,0.437977,
4,7030,7040000,15786,0.234425,0.098504,0.437977,
4,7040,7050000,15810,0.234524,0.098468,0.437977,
4,7050,7060000,15840,0.234631,0.098416,0.437977,
4,7060,7070000,15858,0.234805,0.098300,0.437977,
4,7070,7080000,15877,0.234950,0.098205,0.437977,
4,7080,7090000,15900,0.235005,0.098200,0.437977,
4,7090,7100000,15920,0.235089,0.098162,0.437977,
4,7100,7110000,15939,0.235173,0.098146,0.437977,
4,7110,7120000,15958,0.235294,0.098071,0.437977,
4,7120,7130000,15977,0.235323,0.098085,0.437977,
4,7130,7140000,15997,0.235418,0.098055,0.437977,
4,7140,7150000,16020,0.235499,0.098025,0.437977,
4,7150,7160000,16042,0.235614,0.097961,0.437977,
4,7160,7170000,16061,0.235711,0.097911,0.437977,
4,7170,7180000,16082,0.235877,0.097788,0.437977,
4,7180,7190000,16103,0.235965,0.097733,0.437977,
4,7190,7200000,16128,0.236031,0.097715,0.437977,
4,7200,7210000,16153,0.236157,0.097632,0.437977,
4,7210,7220000,16175,0.236235,0.097614,0.437977,
4,7220,7230000,16203,0.236423,0.097476,0.437977,
4,7230,7240000,16226,0.236486,0.097460,0.437977,
4,7240,7250000,16245,0.236562,0.097450,0.437977,
4,7250,7260000,16268,0.236635,0.097435,0.437977,
4,7260,7270000,16290,0.236766,0.097369,0.437977,
4,7270,7280000,16310,0.236843,0.097324,0.437977,
4,7280,7290000,16328,0.236959,0.097276,0.437977,
4,7290,7300000,16350,0.237114,0.097187,0.437977,
4,7300,7310000,16378,0.237205,0.097148,0.437977,
4,7310,7320000,16402,0.237274,0.097121,0.437977,
4,7320,7330000,16424,0.237407,0.097017,0.437977,
4,7330,7340000,16444,0.237537,0.096958,0.437977,
4,7340,7350000,16467,0.237630,0.096916,0.437977,
4,7350,7360000,16497,0.237700,0.096912,0.437977,
4,7360,7370000,16523,0.237794,0.096862,0.437977,
4,7370,7380000,16543,0.237933,0.096762,0.437977,
4,7380,7390000,16562,0.238062,0.096675,0.437977,
4,7390,7400000,16580,0.238213,0.096568,0.437977,
4,7400,7410000,16599,0.238306,0.096526,0.437977,
4,7410,7420000,16618,0.238466,0.096393,0.437977,
4,7420,7430000,16636,0.238566,0.096344,0.437977,
4,7430,7440000,16655,0.238663,0.096285,0.437977,
4,7440,7450000,16674,0.238813,0.096189,0.437977,
4,7450,7460000,16697,0.238935,0.096100,0.437977,
4,7460,7470000,16718,0.238995,0.096094,0.437977,
4,7470,7480000,16740,0.239138,0.095986,0.437977,
4,7480,7490000,16769,0.239252,0.095935,0.437977,
4,7490,7500000,16789,0.239354,0.095898,0.437977,
4,7500,7510000,16816,0.239440,0.095854,0.437977,
4,7510,7520000,16842,0.239566,0.095757,0.437977,
4,7520,7530000,16862,0.239664,0.095724,0.437977,
4,7530,7540000,16890,0.239756,0.095685,0.437977,
4,7540,7550000,16910,0.239846,0.095635,0.437977,
4,7550,7560000,16934,0.239929,0.095590,0.437977,
4,7560,7570000,16953,0.240013,0.095549,0.437977,
4,7570,7580000,16972,0.240198,0.095395,0.437977,
4,7580,7590000,16994,0.240271,0.095387,0.437977,
4,7590,7600000,17021,0.240341,0.095356,0.437977,
4,7600,7610000,17042,0.240374,0.095370,0.437977,
4,7610,7620000,17062,0.240455,0.095341,0.437977,
4,7620,7630000,17083,0.240548,0.095344,0.437977,
4,7630,7640000,17105,0.240675,0.095237,0.437977,
4,7640,7650000,17132,0.240729,0.095218,0.437977,
4,7650,7660000,17154,0.240832,0.095160,0.437977,
4,7660,7670000,17178,0.240991,0.095032,0.437977,
4,7670,7680000,17200,0.241098,0.094987,0.437977,
4,7680,7690000,17232,0.241189,0.094947,0.437977,
4,7690,7700000,17257,0.241255,0.094923,0.437977,
4,7700,7710000,17284,0.241375,0.094844,0.437977,
4,7710,7720000,17307,0.241482,0.094807,0.438612,
4,7720,7730000,17330,0.241584,0.094750,0.438612,
4,7730,7740000,17354,0.241683,0.094675,0.438612,
4,7740,7750000,17375,0.241819,0.094567,0.438612,
4,7750,7760000,17402,0.241888,0.094530,0.438612,
4,7760,7770000,17423,0.241998,0.094452,0.438612,
4,7770,7780000,17450,0.242093,0.094391,0.438612,
4,7780,7790000,17470,0.242243,0.094291,0.438612,
4,7790,7800000,17489,0.242373,0.094182,0.438612,
4,7800,7810000,17507,0.242493,0.094112,0.438612,
4,7810,7820000,17526,0.242596,0.094044,0.438612,
4,7820,7830000,17548,0.242661,0.094013,0.438612,
4,7830,7840000,17570,0.242794,0.093902,0.438612,
4,7840,7850000,17592,0.242876,0.093859,0.438612,
4,7850,7860000,17617,0.242954,0.093807,0.438612,
4,7860,7870000,17638,0.242998,0.093840,0.438612,
4,7870,7880000,17658,0.243108,0.093760,0.438612,
4,7880,7890000,17677,0.243188,0.093702,0.438612,
4,7890,7900000,17696,0.243274,0.093648,0.438612,
4,7900,7910000,17717,0.243342,0.093626,0.438612,
4,7910,7920000,17736,0.243402,0.093608,0.438612,
4,7920,7930000,17755,0.243502,0.093521,0.438612,
4,7930,7940000,17780,0.243593,0.093479,0.438612,
4,7940,7950000,17800,0.243677,0.093430,0.438612,
4,7950,7960000,17819,0.243759,0.093387,0.438612,
4,7960,7970000,17840,0.243858,0.093351,0.438612,
4,7970,7980000,17859,0.243936,0.093298,0.438612,
4,7980,7990000,17880,0.243988,0.093278,0.438612,
4,7990,8000000,17907,0.244095,0.093197,0.438612,
4,8000,8010000,17926,0.244202,0.093139,0.438612,
4,8010,8020000,17948,0.244278,0.093109,0.438612,
4,8020,8030000,17967,0.244434,0.092984,0.438612,
4,8030,8040000,17989,0.244551,0.092888,0.438612,
4,8040,8050000,18018,0.244659,0.092805,0.438612,
4,8050,8060000,18041,0.244733,0.092780,0.438612,
4,8060,8070000,18064,0.244763,0.092792,0.438612,
4,8070,8080000,18090,0.244818,0.092773,0.438612,
4,8080,8090000,18112,0.244961,0.092676,0.438612,
4,8090,8100000,18131,0.245029,0.092649,0.438612,
4,8100,8110000,18150,0.245079,0.092628,0.438612,
4,8110,8120000,18168,0.245168,0.092580,0.438612,
4,8120,8130000,18193,0.245266,0.092528,0.438612,
4,8130,8140000,18220,0.245412,0.092427,0.438612,
4,8140,8150000,18248,0.245502,0.092372,0.438612,
4,8150,8160000,18269,0.245561,0.092350,0.438612,
4,8160,8170000,18295,0.245615,0.092329,0.438612,
4,8170,8180000,18316,0.245694,0.092289,0.438612,
4,8180,8190000,18340,0.245784,0.092242,0.438612,
4,8190,8200000,18363,0.245819,0.092253,0.438612,
4,8200,8210000,18383,0.245887,0.092254,0.438612,
4,8210,8220000,18407,0.245938,0.092233,0.438612,
4,8220,8230000,18427,0.246020,0.092188,0.438612,
4,8230,8240000,18451,0.246128,0.092127,0.438612,
4,8240,8250000,18477,0.246197,0.092088,0.438612,
4,8250,8260000,18502,0.246309,0.091995,0.438612,
4,8260,8270000,18530,0.246464,0.091855,0.438612,
4,8270,8280000,18551,0.246562,0.091800,0.438612,
4,8280,8290000,18570,0.246634,0.091743,0.438612,
4,8290,8300000,18591,0.246766,0.091650,0.438612,
4,8300,8310000,18611,0.246859,0.091610,0.438612,
4,8310,8320000,18638,0.246926,0.091589,0.438612,
4,8320,8330000,18657,0.247029,0.091516,0.438612,
4,8330,8340000,18679,0.247119,0.091479,0.438612,
4,8340,8350000,18703,0.247248,0.091383,0.438612,
4,8350,8360000,18728,0.247326,0.091345,0.438612,
4,8360,8370000,18747,0.247462,0.091217,0.438612,
4,8370,8380000,18776,0.247496,0.091239,0.438612,
4,8380,8390000,18800,0.247584,0.091178,0.438612,
4,8390,8400000,18819,0.247704,0.091076,0.438612,
4,8400,8410000,18838,0.247875,0.090956,0.438612,
4,8410,8420000,18857,0.247927,0.090933,0.438612,
4,8420,8430000,18883,0.247973,0.090933,0.438612,
4,8430,8440000,18903,0.248110,0.090835,0.438612,
4,8440,8450000,18922,0.248213,0.090763,0.438612,
4,8450,8460000,18949,0.248352,0.090664,0.438612,
4,8460,8470000,18973,0.248457,0.090601,0.438612,
4,8470,8480000,18996,0.248619,0.090469,0.438612,
4,8480,8490000,19024,0.248722,0.090398,0.438612,
4,84